<dependencies>
  <packages>
    <package>com.google.android.gms:play-services-base:18.6.0</package>
    <package>com.google.firebase:firebase-analytics:22.4.0</package>
    <package>com.google.firebase:firebase-analytics-unity:12.8.0</package>
    <package>com.google.firebase:firebase-app-unity:12.8.0</package>
    <package>com.google.firebase:firebase-auth:23.2.0</package>
    <package>com.google.firebase:firebase-auth-unity:12.8.0</package>
    <package>com.google.firebase:firebase-common:21.0.0</package>
    <package>com.google.firebase:firebase-database:21.0.0</package>
    <package>com.google.firebase:firebase-database-unity:12.8.0</package>
    <package>com.google.firebase:firebase-firestore:25.1.3</package>
    <package>com.google.firebase:firebase-firestore-unity:12.8.0</package>
  </packages>
  <files>
    <file>Assets/GeneratedLocalRepo/Firebase/m2repository/com/google/firebase/firebase-analytics-unity/12.8.0/firebase-analytics-unity-12.8.0.aar</file>
    <file>Assets/GeneratedLocalRepo/Firebase/m2repository/com/google/firebase/firebase-analytics-unity/12.8.0/firebase-analytics-unity-12.8.0.pom</file>
    <file>Assets/GeneratedLocalRepo/Firebase/m2repository/com/google/firebase/firebase-app-unity/12.8.0/firebase-app-unity-12.8.0.aar</file>
    <file>Assets/GeneratedLocalRepo/Firebase/m2repository/com/google/firebase/firebase-app-unity/12.8.0/firebase-app-unity-12.8.0.pom</file>
    <file>Assets/GeneratedLocalRepo/Firebase/m2repository/com/google/firebase/firebase-auth-unity/12.8.0/firebase-auth-unity-12.8.0.aar</file>
    <file>Assets/GeneratedLocalRepo/Firebase/m2repository/com/google/firebase/firebase-auth-unity/12.8.0/firebase-auth-unity-12.8.0.pom</file>
    <file>Assets/GeneratedLocalRepo/Firebase/m2repository/com/google/firebase/firebase-database-unity/12.8.0/firebase-database-unity-12.8.0.aar</file>
    <file>Assets/GeneratedLocalRepo/Firebase/m2repository/com/google/firebase/firebase-database-unity/12.8.0/firebase-database-unity-12.8.0.pom</file>
    <file>Assets/GeneratedLocalRepo/Firebase/m2repository/com/google/firebase/firebase-firestore-unity/12.8.0/firebase-firestore-unity-12.8.0.aar</file>
    <file>Assets/GeneratedLocalRepo/Firebase/m2repository/com/google/firebase/firebase-firestore-unity/12.8.0/firebase-firestore-unity-12.8.0.pom</file>
  </files>
  <settings>
    <setting name="androidAbis" value="armeabi-v7a" />
    <setting name="bundleId" value="com.DefaultCompany.SQLDetectiveWeb" />
    <setting name="explodeAars" value="True" />
    <setting name="gradleBuildEnabled" value="True" />
    <setting name="gradlePropertiesTemplateEnabled" value="True" />
    <setting name="gradleTemplateEnabled" value="True" />
    <setting name="installAndroidPackages" value="True" />
    <setting name="localMavenRepoDir" value="Assets/GeneratedLocalRepo" />
    <setting name="packageDir" value="Assets/Plugins/Android" />
    <setting name="patchAndroidManifest" value="True" />
    <setting name="patchMainTemplateGradle" value="True" />
    <setting name="projectExportEnabled" value="False" />
    <setting name="useFullCustomMavenRepoPathWhenExport" value="True" />
    <setting name="useFullCustomMavenRepoPathWhenNotExport" value="False" />
    <setting name="useJetifier" value="True" />
  </settings>
</dependencies>